{"cameraMode":{"drawMode":0,"name":"Shaded","section":"Shading Mode"},"sceneLighting":false,"audioPlay":false,"sceneViewState":{"m_AlwaysRefresh":false,"showFog":true,"showSkybox":false,"showFlares":true,"showImageEffects":true,"showParticleSystems":true,"showVisualEffectGraphs":true,"m_FxEnabled":true},"in2DMode":false,"pivot":{"x":0.059435367584228519,"y":3.0393896102905275,"z":0.07492446899414063},"rotation":{"x":0.05397166684269905,"y":0.006204972974956036,"z":-0.000255967112025246,"w":0.9985508918762207},"size":8.924023628234864,"orthographic":false}